-- 插入楼栋数据
INSERT OR IGNORE INTO buildings (id, name, address, floors, units_per_floor) VALUES
  (1, 'A栋', '幸福路1号A栋', 18, 4),
  (2, 'B栋', '幸福路1号B栋', 18, 4),
  (3, 'C栋', '幸福路1号C栋', 12, 6);

-- 插入房屋数据
INSERT OR IGNORE INTO units (id, building_id, unit_number, floor, area, unit_type, status) VALUES
  (1, 1, 'A-101', 1, 89.5, '住宅', '已入住'),
  (2, 1, 'A-102', 1, 120.3, '住宅', '已入住'),
  (3, 1, 'A-201', 2, 89.5, '住宅', '已入住'),
  (4, 1, 'A-202', 2, 120.3, '住宅', '空置'),
  (5, 2, 'B-101', 1, 95.0, '住宅', '已入住'),
  (6, 2, 'B-102', 1, 110.8, '住宅', '已入住'),
  (7, 2, 'B-201', 2, 95.0, '住宅', '空置'),
  (8, 3, 'C-101', 1, 75.0, '商铺', '已入住'),
  (9, 3, 'C-102', 1, 60.0, '商铺', '空置'),
  (10, 3, 'C-201', 2, 88.0, '住宅', '已入住');

-- 插入业主数据
INSERT OR IGNORE INTO owners (id, name, phone, id_card, unit_id, move_in_date, status) VALUES
  (1, '张伟', '13800138001', '320102199001011234', 1, '2022-03-15', '在住'),
  (2, '李娜', '13800138002', '320102199205052345', 2, '2022-06-20', '在住'),
  (3, '王磊', '13800138003', '320102198808083456', 3, '2023-01-10', '在住'),
  (4, '赵敏', '13800138004', '320102199512124567', 5, '2022-09-01', '在住'),
  (5, '陈刚', '13800138005', '320102198703035678', 6, '2023-04-15', '在住'),
  (6, '刘芳', '13800138006', '320102199108086789', 8, '2022-11-20', '在住'),
  (7, '孙浩', '13800138007', '320102198606067890', 10, '2023-07-01', '在住');

-- 插入费用类型
INSERT OR IGNORE INTO fee_types (id, name, unit_price, unit_label, description) VALUES
  (1, '物业费', 2.5, '元/㎡/月', '每月物业管理费'),
  (2, '水费', 3.8, '元/吨', '自来水费'),
  (3, '电费', 0.55, '元/度', '居民用电'),
  (4, '停车费', 300, '元/月', '地下车位月租'),
  (5, '垃圾处理费', 10, '元/月', '生活垃圾处理');

-- 插入账单数据
INSERT OR IGNORE INTO bills (id, unit_id, owner_id, fee_type_id, amount, bill_month, status, paid_at) VALUES
  (1, 1, 1, 1, 223.75, '2026-01', '已缴', '2026-01-15'),
  (2, 1, 1, 2, 45.60, '2026-01', '已缴', '2026-01-15'),
  (3, 1, 1, 1, 223.75, '2026-02', '已缴', '2026-02-12'),
  (4, 1, 1, 1, 223.75, '2026-03', '未缴', NULL),
  (5, 2, 2, 1, 300.75, '2026-01', '已缴', '2026-01-20'),
  (6, 2, 2, 1, 300.75, '2026-02', '已缴', '2026-02-18'),
  (7, 2, 2, 1, 300.75, '2026-03', '未缴', NULL),
  (8, 2, 2, 4, 300.00, '2026-03', '未缴', NULL),
  (9, 3, 3, 1, 223.75, '2026-03', '未缴', NULL),
  (10, 5, 4, 1, 237.50, '2026-01', '已缴', '2026-01-25'),
  (11, 5, 4, 1, 237.50, '2026-02', '逾期', NULL),
  (12, 5, 4, 1, 237.50, '2026-03', '未缴', NULL),
  (13, 6, 5, 1, 277.00, '2026-03', '未缴', NULL),
  (14, 8, 6, 1, 187.50, '2026-03', '已缴', '2026-03-05'),
  (15, 10, 7, 1, 220.00, '2026-03', '未缴', NULL);

-- 插入报修数据
INSERT OR IGNORE INTO repairs (id, unit_id, owner_id, title, description, category, priority, status, assigned_to, resolved_at) VALUES
  (1, 1, 1, '卫生间漏水', '主卫天花板有渗水现象，面积约30cm', '室内维修', '紧急', '已完成', '张师傅', '2026-03-10'),
  (2, 3, 3, '门禁卡失灵', '门禁卡无法正常刷开单元门', '公共设施', '普通', '处理中', '李工', NULL),
  (3, 5, 4, '电梯异响', 'B栋电梯运行时有异响，上下楼时明显', '公共设施', '紧急', '处理中', '电梯维保', NULL),
  (4, 6, 5, '楼道灯不亮', 'B栋2楼楼道灯损坏', '公共设施', '普通', '待处理', NULL, NULL),
  (5, 2, 2, '窗户密封不好', '客厅窗户密封条老化，有风声', '室内维修', '普通', '待处理', NULL, NULL),
  (6, 8, 6, '店铺门锁故障', '门锁无法正常开关', '室内维修', '紧急', '已完成', '王师傅', '2026-03-20');

-- 插入公告数据
INSERT OR IGNORE INTO notices (id, title, content, category, is_top, status, publish_date) VALUES
  (1, '关于2026年度物业费调整的通知', '各位业主：\n根据小区业委会决议及物价部门批复，自2026年4月1日起，物业管理费将由2.5元/㎡/月调整为2.8元/㎡/月。调整原因如下：\n1. 人工成本持续上涨\n2. 设备维护费用增加\n3. 绿化养护标准提升\n如有疑问请联系物业管理处。', '通知', 1, '已发布', '2026-03-15'),
  (2, '小区消防演练通知', '为提高业主消防安全意识，小区将于2026年4月5日（周六）上午9:00-11:00举行消防演练活动，届时将在中心广场设置消防知识展板、灭火器使用演示等环节。欢迎全体业主参加！', '活动', 0, '已发布', '2026-03-20'),
  (3, '停水通知', '因市政管网检修，本小区将于2026年3月28日22:00-次日6:00暂停供水，请各位业主提前做好储水准备，给您带来不便敬请谅解。', '紧急', 1, '已发布', '2026-03-25'),
  (4, '垃圾分类宣传', '根据市政府要求，小区将全面推行垃圾分类制度，请各位业主配合将生活垃圾按照可回收物、有害垃圾、湿垃圾、干垃圾进行分类投放。', '通知', 0, '已发布', '2026-03-10'),
  (5, '春季绿化养护公告', '物业将于近期对小区绿化进行春季养护，包括树木修剪、草坪补种、花卉种植等工作，施工期间请注意安全，感谢配合！', '通知', 0, '草稿', '2026-03-22');
